utflyttningsland,utbildningsnivå,2000,2001,2002,2003,2004,2005,2006,2007,2008,2009,2010,2011,2012,2013,2014,2015,2016
Afghanistan,"eftergymnasial utbildning, 3 år eller mer",71,50,40,39,17,18,61,13,29,24,37,42,83,91,99,55,52
Afghanistan,"eftergymnasial utbildning, mindre än 3 år",40,26,30,36,23,13,71,18,39,38,52,66,104,113,96,75,100
Afghanistan,forskarutbildning,3,1,1,1,1,5,8,3,1,0,2,3,1,4,4,0,3
Afghanistan,förgymnasial utbildning,91,95,115,124,114,83,495,154,164,260,361,638,817,841,665,508,329
Afghanistan,gymnasial utbildning,102,68,80,62,42,41,205,76,98,112,126,194,216,153,156,138,103
Afghanistan,uppgift om utbildningsnivå saknas,45,60,61,47,58,49,145,87,102,205,301,602,562,508,470,486,1059
Albanien,"eftergymnasial utbildning, 3 år eller mer",17,8,5,7,6,16,17,7,14,11,19,19,21,16,25,34,25
Albanien,"eftergymnasial utbildning, mindre än 3 år",2,3,4,10,2,6,12,8,11,11,19,12,12,11,22,26,36
Albanien,forskarutbildning,1,0,0,0,0,1,0,0,0,0,0,0,0,1,0,1,0
Albanien,förgymnasial utbildning,6,3,7,7,8,13,25,8,11,14,21,21,34,33,34,35,32
Albanien,gymnasial utbildning,9,12,11,14,21,16,41,26,10,33,31,20,43,29,42,61,43
Albanien,uppgift om utbildningsnivå saknas,4,3,5,5,5,4,9,5,7,12,14,11,8,10,17,30,96
Algeriet,"eftergymnasial utbildning, 3 år eller mer",10,9,11,11,23,20,25,23,25,41,27,25,35,13,26,27,19
Algeriet,"eftergymnasial utbildning, mindre än 3 år",10,10,6,12,13,16,32,14,23,22,22,15,26,15,24,33,21
Algeriet,forskarutbildning,2,2,2,1,0,0,1,1,1,0,1,0,2,0,1,2,1
Algeriet,förgymnasial utbildning,8,14,8,9,10,21,30,31,22,16,15,17,17,21,16,36,19
Algeriet,gymnasial utbildning,15,16,13,20,21,35,37,34,31,41,27,22,26,20,25,19,20
Algeriet,uppgift om utbildningsnivå saknas,3,5,7,6,5,4,7,7,5,6,8,10,11,9,18,16,61
"Arabemiraten, Förenade","eftergymnasial utbildning, 3 år eller mer",12,15,16,22,15,21,29,35,39,65,54,49,71,61,84,118,129
"Arabemiraten, Förenade","eftergymnasial utbildning, mindre än 3 år",12,11,10,8,5,14,17,19,30,29,37,34,47,54,83,123,187
"Arabemiraten, Förenade",forskarutbildning,1,0,4,2,3,0,2,2,4,2,1,4,3,4,6,7,8
"Arabemiraten, Förenade",förgymnasial utbildning,4,3,4,9,4,7,11,8,11,17,16,25,23,23,29,48,97
"Arabemiraten, Förenade",gymnasial utbildning,12,12,11,21,13,7,21,27,22,37,23,36,38,32,52,88,126
"Arabemiraten, Förenade",uppgift om utbildningsnivå saknas,10,7,12,14,12,15,16,17,15,24,34,32,35,28,53,82,268
Argentina,"eftergymnasial utbildning, 3 år eller mer",21,35,43,36,17,32,23,19,27,25,34,25,30,33,26,26,21
Argentina,"eftergymnasial utbildning, mindre än 3 år",9,14,20,15,12,15,14,14,9,24,9,13,15,12,14,12,15
Argentina,forskarutbildning,8,3,8,4,3,3,2,0,3,4,1,4,1,0,1,2,1
Argentina,förgymnasial utbildning,1,5,11,5,5,6,7,6,10,6,1,3,4,3,2,3,1
Argentina,gymnasial utbildning,8,17,12,17,9,8,13,12,18,15,9,16,11,13,7,5,9
Argentina,uppgift om utbildningsnivå saknas,6,10,10,6,5,11,8,7,7,6,7,7,8,14,8,9,26
Australien,"eftergymnasial utbildning, 3 år eller mer",98,110,100,114,120,105,139,132,140,136,149,144,130,112,138,151,115
Australien,"eftergymnasial utbildning, mindre än 3 år",45,56,61,55,55,44,58,57,100,76,94,87,70,68,72,63,38
Australien,forskarutbildning,27,27,16,12,11,11,12,16,16,14,21,24,11,19,29,32,22
Australien,förgymnasial utbildning,9,15,10,20,8,13,7,6,8,16,13,15,9,5,13,8,8
Australien,gymnasial utbildning,54,42,48,43,39,37,58,60,51,61,59,59,58,53,57,54,34
Australien,uppgift om utbildningsnivå saknas,65,62,52,54,40,54,90,55,73,81,90,66,71,87,92,119,234
Azerbajdzjan,"eftergymnasial utbildning, 3 år eller mer",3,10,10,24,49,69,217,54,41,59,54,71,59,44,47,34,30
Azerbajdzjan,"eftergymnasial utbildning, mindre än 3 år",1,4,2,10,8,15,74,19,23,27,46,30,28,22,29,30,33
Azerbajdzjan,forskarutbildning,2,1,1,1,5,2,10,0,0,0,2,1,1,1,1,0,0
Azerbajdzjan,förgymnasial utbildning,2,3,3,0,10,14,86,23,17,14,21,26,21,26,27,21,16
Azerbajdzjan,gymnasial utbildning,6,3,4,5,18,23,115,19,12,26,21,35,30,25,21,18,25
Azerbajdzjan,uppgift om utbildningsnivå saknas,1,1,2,7,3,28,56,6,9,11,16,20,21,14,13,13,44
Bangladesh,"eftergymnasial utbildning, 3 år eller mer",18,20,34,64,96,109,96,118,137,200,249,113,85,79,106,110,60
Bangladesh,"eftergymnasial utbildning, mindre än 3 år",31,21,29,58,35,99,119,140,158,235,331,105,79,63,92,95,40
Bangladesh,forskarutbildning,4,7,11,3,0,1,3,3,2,3,4,0,1,0,1,1,0
Bangladesh,förgymnasial utbildning,19,30,25,19,23,27,28,32,33,41,40,46,50,34,37,40,18
Bangladesh,gymnasial utbildning,40,32,27,33,35,24,46,45,50,48,58,39,62,52,36,49,14
Bangladesh,uppgift om utbildningsnivå saknas,7,19,21,23,51,93,44,46,70,127,189,48,57,35,45,83,237
Belgien,"eftergymnasial utbildning, 3 år eller mer",49,79,56,47,66,63,74,82,85,77,77,112,100,107,95,99,80
Belgien,"eftergymnasial utbildning, mindre än 3 år",9,15,13,8,20,29,24,18,20,38,35,32,39,37,35,36,18
Belgien,forskarutbildning,7,5,9,5,7,7,9,5,10,15,10,18,13,8,22,18,16
Belgien,förgymnasial utbildning,5,12,4,13,6,3,10,12,14,12,7,12,10,8,18,5,7
Belgien,gymnasial utbildning,19,25,18,13,21,20,18,21,34,27,24,21,30,27,27,28,17
Belgien,uppgift om utbildningsnivå saknas,23,34,17,18,15,20,17,35,59,39,47,49,65,63,59,55,136
Bolivia,"eftergymnasial utbildning, 3 år eller mer",15,13,16,28,24,24,42,49,48,52,45,40,30,18,21,21,13
Bolivia,"eftergymnasial utbildning, mindre än 3 år",14,21,13,18,18,19,35,34,41,54,53,50,27,23,17,14,7
Bolivia,forskarutbildning,5,5,2,0,0,0,0,2,2,0,2,1,4,1,1,3,0
Bolivia,förgymnasial utbildning,6,3,9,10,9,0,23,17,18,28,36,26,13,11,8,6,8
Bolivia,gymnasial utbildning,22,20,23,12,24,15,48,36,41,54,66,60,37,20,13,16,4
Bolivia,uppgift om utbildningsnivå saknas,6,4,7,4,3,7,13,14,18,33,40,44,32,21,21,23,27
Bosnien och Hercegovina,"eftergymnasial utbildning, 3 år eller mer",38,48,58,78,52,48,70,52,67,63,69,59,115,80,102,94,78
Bosnien och Hercegovina,"eftergymnasial utbildning, mindre än 3 år",56,80,91,111,92,90,119,75,75,71,55,54,79,72,58,84,57
Bosnien och Hercegovina,forskarutbildning,3,2,2,4,0,1,2,0,2,0,1,1,1,4,0,0,0
Bosnien och Hercegovina,förgymnasial utbildning,137,164,192,214,110,78,156,67,62,60,55,62,68,60,56,49,28
Bosnien och Hercegovina,gymnasial utbildning,285,358,432,529,379,269,423,284,287,255,222,228,333,226,266,246,173
Bosnien och Hercegovina,uppgift om utbildningsnivå saknas,64,61,70,86,63,42,55,37,37,38,47,54,56,57,73,108,264
Brasilien,"eftergymnasial utbildning, 3 år eller mer",59,82,71,88,83,70,103,132,153,107,107,126,98,119,126,230,182
Brasilien,"eftergymnasial utbildning, mindre än 3 år",20,27,45,27,27,39,48,50,68,68,43,49,46,66,45,51,44
Brasilien,forskarutbildning,11,17,6,6,5,11,7,13,7,8,3,13,7,10,17,20,16
Brasilien,förgymnasial utbildning,20,26,24,29,36,31,50,37,42,46,33,36,24,25,11,13,16
Brasilien,gymnasial utbildning,36,34,35,46,49,48,59,77,74,66,69,63,61,51,33,47,19
Brasilien,uppgift om utbildningsnivå saknas,28,26,27,18,19,36,63,58,53,44,44,50,42,53,60,126,284
Bulgarien,"eftergymnasial utbildning, 3 år eller mer",35,34,39,59,42,34,31,140,103,102,101,101,112,142,136,117,85
Bulgarien,"eftergymnasial utbildning, mindre än 3 år",11,5,16,19,14,16,17,91,75,66,69,64,64,86,81,79,23
Bulgarien,forskarutbildning,5,8,10,0,4,5,2,5,5,5,1,3,3,4,5,1,4
Bulgarien,förgymnasial utbildning,6,5,8,9,4,6,12,151,76,75,51,38,43,40,60,46,27
Bulgarien,gymnasial utbildning,15,24,32,21,22,18,26,357,230,159,116,152,180,165,159,139,68
Bulgarien,uppgift om utbildningsnivå saknas,8,13,11,5,12,10,14,245,287,181,141,88,129,169,200,210,310
Burundi,"eftergymnasial utbildning, 3 år eller mer",2,4,18,35,32,65,52,32,14,18,9,10,8,9,10,11,11
Burundi,"eftergymnasial utbildning, mindre än 3 år",1,2,19,26,43,88,62,27,19,22,9,11,11,11,12,13,7
Burundi,forskarutbildning,0,1,1,1,3,3,2,3,0,1,0,2,0,0,0,0,0
Burundi,förgymnasial utbildning,1,0,8,13,15,43,51,26,12,13,25,25,22,9,7,6,7
Burundi,gymnasial utbildning,3,6,28,43,88,144,120,68,38,33,28,24,13,14,16,12,12
Burundi,uppgift om utbildningsnivå saknas,0,0,8,10,35,49,34,41,21,7,9,5,7,7,7,6,24
Chile,"eftergymnasial utbildning, 3 år eller mer",66,108,94,82,86,83,92,88,74,58,66,50,60,45,43,39,34
Chile,"eftergymnasial utbildning, mindre än 3 år",70,73,78,73,67,68,74,63,76,69,61,57,55,40,33,40,22
Chile,forskarutbildning,3,9,4,2,1,1,2,1,3,3,4,1,5,2,1,2,2
Chile,förgymnasial utbildning,98,69,67,65,56,42,53,49,43,47,44,33,22,23,13,25,19
Chile,gymnasial utbildning,156,149,123,137,127,107,146,128,130,129,116,91,93,51,76,57,39
Chile,uppgift om utbildningsnivå saknas,29,27,39,32,34,35,31,28,20,27,41,25,39,27,13,24,51
Colombia,"eftergymnasial utbildning, 3 år eller mer",48,44,43,24,48,46,68,73,75,65,74,72,63,61,52,49,37
Colombia,"eftergymnasial utbildning, mindre än 3 år",22,32,22,16,16,24,38,20,34,48,43,27,43,37,27,20,15
Colombia,forskarutbildning,10,7,3,1,4,2,2,0,0,2,3,1,2,6,1,3,0
Colombia,förgymnasial utbildning,22,30,19,23,21,23,35,24,25,14,17,13,16,18,10,14,5
Colombia,gymnasial utbildning,49,34,30,22,19,25,49,36,35,32,35,39,26,34,28,21,13
Colombia,uppgift om utbildningsnivå saknas,12,18,7,12,19,20,14,16,13,18,17,18,23,20,20,23,65
Cypern,"eftergymnasial utbildning, 3 år eller mer",2,2,1,4,5,7,18,23,26,19,15,15,20,40,31,28,24
Cypern,"eftergymnasial utbildning, mindre än 3 år",4,4,1,2,3,2,4,3,6,12,10,7,12,22,12,19,6
Cypern,forskarutbildning,0,1,1,0,0,0,4,3,1,0,0,0,0,2,4,3,3
Cypern,förgymnasial utbildning,1,0,1,0,1,0,1,3,6,3,4,7,8,14,8,14,4
Cypern,gymnasial utbildning,1,3,5,4,2,7,1,5,10,11,7,14,20,21,23,16,11
Cypern,uppgift om utbildningsnivå saknas,0,2,3,1,2,4,11,11,17,10,12,7,18,16,22,17,27
Danmark,"eftergymnasial utbildning, 3 år eller mer",449,517,603,762,774,795,1131,1071,770,666,636,569,500,451,439,415,348
Danmark,"eftergymnasial utbildning, mindre än 3 år",222,281,337,389,361,381,486,514,369,372,297,300,238,203,204,185,128
Danmark,forskarutbildning,47,38,42,29,34,40,46,47,38,40,30,46,28,33,43,37,33
Danmark,förgymnasial utbildning,180,238,287,311,307,280,379,341,295,271,243,205,162,136,117,119,100
Danmark,gymnasial utbildning,291,342,511,549,581,496,605,605,458,454,378,352,255,222,170,200,196
Danmark,uppgift om utbildningsnivå saknas,418,618,907,1020,1058,1388,1822,1806,1578,1406,1274,1238,1122,997,799,911,1089
Egypten,"eftergymnasial utbildning, 3 år eller mer",28,34,43,42,48,52,83,101,103,122,126,170,163,150,192,167,112
Egypten,"eftergymnasial utbildning, mindre än 3 år",12,18,14,14,20,23,36,35,60,72,83,99,102,92,201,228,155
Egypten,forskarutbildning,7,6,8,2,3,4,4,5,2,4,1,2,10,4,5,8,7
Egypten,förgymnasial utbildning,8,8,14,5,6,12,42,22,40,45,39,96,46,84,233,264,198
Egypten,gymnasial utbildning,16,24,20,24,28,26,48,49,64,85,79,161,105,93,203,219,131
Egypten,uppgift om utbildningsnivå saknas,4,12,15,13,17,9,20,24,34,23,61,102,84,76,118,146,305
El Salvador,"eftergymnasial utbildning, 3 år eller mer",2,8,6,9,8,11,11,5,11,10,6,9,10,6,8,14,9
El Salvador,"eftergymnasial utbildning, mindre än 3 år",3,6,5,4,7,5,11,4,6,9,11,9,12,5,12,5,6
El Salvador,forskarutbildning,0,0,3,1,0,0,1,0,1,1,0,0,0,1,1,0,0
El Salvador,förgymnasial utbildning,9,9,6,7,5,6,12,8,11,6,11,5,10,12,5,8,10
El Salvador,gymnasial utbildning,6,2,4,12,9,6,35,9,7,13,12,14,16,17,7,12,9
El Salvador,uppgift om utbildningsnivå saknas,3,2,8,1,3,3,4,2,3,3,4,2,7,8,7,10,18
Eritrea,"eftergymnasial utbildning, 3 år eller mer",5,6,6,5,7,18,23,20,22,27,19,42,55,78,108,196,120
Eritrea,"eftergymnasial utbildning, mindre än 3 år",8,9,8,11,8,36,23,30,46,40,51,64,63,109,241,477,303
Eritrea,forskarutbildning,4,0,0,0,0,2,1,0,0,2,1,2,2,2,2,2,1
Eritrea,förgymnasial utbildning,24,28,28,53,51,110,142,173,183,227,245,325,321,682,1559,2418,1589
Eritrea,gymnasial utbildning,23,19,22,56,52,137,136,153,193,235,197,289,269,403,759,1293,851
Eritrea,uppgift om utbildningsnivå saknas,12,20,12,19,22,29,30,34,41,42,43,65,68,110,609,665,1431
Estland,"eftergymnasial utbildning, 3 år eller mer",80,64,80,98,109,87,76,81,81,90,94,120,105,111,99,86,49
Estland,"eftergymnasial utbildning, mindre än 3 år",49,47,55,53,55,57,80,67,53,71,59,61,94,59,50,60,24
Estland,forskarutbildning,10,8,6,5,6,0,4,2,2,7,1,1,8,7,5,3,6
Estland,förgymnasial utbildning,11,12,12,5,20,24,28,30,23,34,34,20,19,14,14,9,7
Estland,gymnasial utbildning,53,65,63,55,82,86,97,75,74,116,96,82,81,68,67,66,27
Estland,uppgift om utbildningsnivå saknas,26,56,38,22,59,77,88,115,116,167,157,138,169,196,222,224,283
Etiopien,"eftergymnasial utbildning, 3 år eller mer",14,17,18,25,18,21,46,68,87,147,178,82,78,89,105,96,79
Etiopien,"eftergymnasial utbildning, mindre än 3 år",16,18,17,23,32,36,53,88,85,165,227,73,74,94,105,76,89
Etiopien,forskarutbildning,4,4,6,2,2,0,3,3,3,5,3,1,1,1,6,1,5
Etiopien,förgymnasial utbildning,77,82,68,86,123,110,203,324,342,425,246,125,263,624,370,308,268
Etiopien,gymnasial utbildning,69,61,57,55,65,76,122,131,149,201,116,101,150,119,156,111,93
Etiopien,uppgift om utbildningsnivå saknas,68,50,53,44,76,74,109,183,223,269,182,58,151,370,198,204,636
Filippinerna,"eftergymnasial utbildning, 3 år eller mer",51,58,95,89,101,116,132,111,127,137,129,143,151,107,119,81,81
Filippinerna,"eftergymnasial utbildning, mindre än 3 år",42,55,66,57,61,56,77,83,89,104,85,93,116,62,77,91,63
Filippinerna,forskarutbildning,5,4,6,0,0,1,3,1,2,1,1,1,1,1,1,1,2
Filippinerna,förgymnasial utbildning,37,37,47,40,47,39,60,62,66,78,78,57,67,52,54,35,28
Filippinerna,gymnasial utbildning,55,41,57,52,43,54,75,79,90,131,105,75,98,97,81,74,45
Filippinerna,uppgift om utbildningsnivå saknas,14,19,30,26,20,31,21,27,21,29,29,44,43,31,60,81,231
Finland,"eftergymnasial utbildning, 3 år eller mer",657,640,634,643,536,449,439,435,468,387,418,460,409,394,454,545,467
Finland,"eftergymnasial utbildning, mindre än 3 år",311,329,345,318,289,325,328,339,294,333,297,307,379,413,489,543,183
Finland,forskarutbildning,44,58,49,27,16,31,25,17,32,32,42,49,30,33,50,46,53
Finland,förgymnasial utbildning,350,269,279,246,210,195,179,183,147,171,124,123,115,110,103,98,78
Finland,gymnasial utbildning,449,442,436,378,319,296,324,268,252,276,237,206,233,181,206,192,220
Finland,uppgift om utbildningsnivå saknas,546,555,512,501,464,528,566,515,474,429,535,483,537,549,656,727,1367
Frankrike,"eftergymnasial utbildning, 3 år eller mer",229,216,178,185,224,219,302,318,349,277,274,309,295,315,339,355,245
Frankrike,"eftergymnasial utbildning, mindre än 3 år",75,76,106,112,78,116,173,167,166,194,125,117,105,128,128,152,64
Frankrike,forskarutbildning,65,62,36,24,26,29,38,51,46,41,53,75,49,59,71,59,55
Frankrike,förgymnasial utbildning,21,12,16,20,23,24,32,29,29,23,19,17,18,15,26,21,12
Frankrike,gymnasial utbildning,50,39,37,42,49,47,49,85,68,75,53,46,42,62,42,61,35
Frankrike,uppgift om utbildningsnivå saknas,140,148,111,76,115,126,146,228,207,196,174,183,146,195,199,266,521
Gambia,"eftergymnasial utbildning, 3 år eller mer",13,11,10,7,7,17,18,17,16,20,20,21,22,15,22,10,13
Gambia,"eftergymnasial utbildning, mindre än 3 år",13,10,18,14,4,9,22,23,14,37,27,28,29,22,33,23,20
Gambia,forskarutbildning,0,0,0,1,1,1,0,0,0,0,1,0,0,1,0,1,0
Gambia,förgymnasial utbildning,44,34,39,27,26,36,47,56,63,72,72,42,59,55,57,45,39
Gambia,gymnasial utbildning,44,22,36,33,34,28,49,57,64,87,82,69,74,62,57,44,32
Gambia,uppgift om utbildningsnivå saknas,7,5,2,7,7,18,10,9,16,15,17,12,21,29,21,26,55
Grekland,"eftergymnasial utbildning, 3 år eller mer",42,47,60,67,76,94,147,222,226,171,192,283,420,478,354,367,275
Grekland,"eftergymnasial utbildning, mindre än 3 år",29,54,39,53,29,63,91,76,94,78,85,198,248,314,235,256,138
Grekland,forskarutbildning,9,7,7,7,3,7,19,28,17,13,16,17,22,27,28,34,21
Grekland,förgymnasial utbildning,93,98,96,77,86,73,69,56,79,72,90,153,237,269,240,201,158
Grekland,gymnasial utbildning,74,77,95,86,69,47,78,68,80,85,117,231,341,305,262,260,236
Grekland,uppgift om utbildningsnivå saknas,56,76,69,50,48,56,76,107,145,108,98,155,222,222,180,279,813
Hongkong,"eftergymnasial utbildning, 3 år eller mer",0,0,0,0,0,0,0,0,0,0,0,0,0,0,0,0,0
Hongkong,"eftergymnasial utbildning, mindre än 3 år",0,0,0,0,0,0,0,0,0,0,0,0,0,0,0,0,0
Hongkong,forskarutbildning,0,0,0,0,0,0,0,0,0,0,0,0,0,0,0,0,0
Hongkong,förgymnasial utbildning,0,0,0,0,0,0,0,0,0,0,0,0,0,0,0,0,0
Hongkong,gymnasial utbildning,0,0,0,0,0,0,0,0,0,0,0,0,0,0,0,0,0
Hongkong,uppgift om utbildningsnivå saknas,0,0,0,0,0,0,0,0,0,0,0,0,0,0,0,0,0
Indien,"eftergymnasial utbildning, 3 år eller mer",83,107,91,223,255,246,226,287,460,471,492,477,554,643,719,786,441
Indien,"eftergymnasial utbildning, mindre än 3 år",28,35,113,179,94,180,179,170,216,525,747,237,253,250,336,506,128
Indien,forskarutbildning,23,21,33,10,10,16,9,20,18,29,21,27,30,35,32,50,24
Indien,förgymnasial utbildning,23,53,17,35,36,22,37,39,77,40,45,38,27,25,16,10,11
Indien,gymnasial utbildning,26,59,22,69,26,44,45,56,82,55,51,43,67,43,42,37,25
Indien,uppgift om utbildningsnivå saknas,67,112,131,177,295,348,271,278,397,384,456,411,593,687,901,1023,2311
Indonesien,"eftergymnasial utbildning, 3 år eller mer",16,19,37,24,40,28,13,21,45,31,30,30,31,32,43,57,61
Indonesien,"eftergymnasial utbildning, mindre än 3 år",9,12,19,21,9,10,12,21,18,28,17,7,22,12,32,27,5
Indonesien,forskarutbildning,5,3,2,3,0,0,0,2,0,3,2,3,2,0,0,0,0
Indonesien,förgymnasial utbildning,9,11,37,31,5,4,5,2,5,9,9,8,10,7,5,2,5
Indonesien,gymnasial utbildning,9,22,26,21,7,8,14,9,9,21,13,15,12,18,6,9,9
Indonesien,uppgift om utbildningsnivå saknas,6,5,11,11,5,7,9,5,4,18,10,7,8,5,3,7,79
Irak,"eftergymnasial utbildning, 3 år eller mer",669,573,710,382,204,348,1294,2221,1353,847,487,385,347,261,321,329,250
Irak,"eftergymnasial utbildning, mindre än 3 år",498,465,474,281,157,258,1066,1443,850,614,357,324,304,249,248,291,403
Irak,forskarutbildning,21,17,30,15,6,9,36,82,68,24,16,13,6,8,11,15,6
Irak,förgymnasial utbildning,1300,1230,1233,814,480,695,3020,3363,1879,1549,1048,1135,874,663,735,732,660
Irak,gymnasial utbildning,688,663,675,451,227,416,1485,1769,1058,729,506,547,475,315,305,391,425
Irak,uppgift om utbildningsnivå saknas,385,403,469,281,190,211,623,739,610,508,357,390,410,290,329,461,1079
Iran,"eftergymnasial utbildning, 3 år eller mer",200,233,272,211,238,276,411,440,578,732,865,542,542,467,452,329,282
Iran,"eftergymnasial utbildning, mindre än 3 år",104,126,123,141,120,147,284,257,391,591,744,370,363,342,310,245,271
Iran,forskarutbildning,10,11,13,16,15,5,14,16,18,28,26,25,26,22,19,20,13
Iran,förgymnasial utbildning,156,227,199,128,175,126,279,206,242,307,319,436,715,535,528,383,243
Iran,gymnasial utbildning,312,363,328,249,297,255,519,323,300,407,474,571,586,478,447,300,306
Iran,uppgift om utbildningsnivå saknas,74,106,156,126,160,145,206,171,194,276,331,415,488,352,375,453,1070
Irland,"eftergymnasial utbildning, 3 år eller mer",59,51,60,55,49,36,71,74,92,104,87,70,86,66,76,58,53
Irland,"eftergymnasial utbildning, mindre än 3 år",31,27,41,26,23,35,32,38,48,59,38,48,51,46,40,23,23
Irland,forskarutbildning,12,11,19,1,3,3,4,5,10,8,15,12,8,6,6,6,5
Irland,förgymnasial utbildning,7,3,5,5,8,1,11,7,7,3,5,8,9,11,10,5,3
Irland,gymnasial utbildning,17,19,37,14,25,26,25,26,32,32,25,30,40,18,33,9,13
Irland,uppgift om utbildningsnivå saknas,28,22,28,14,17,20,36,58,56,59,60,54,108,73,79,93,128
Island,"eftergymnasial utbildning, 3 år eller mer",69,77,72,85,80,74,91,82,111,157,146,161,154,124,113,151,142
Island,"eftergymnasial utbildning, mindre än 3 år",45,40,45,46,34,44,38,39,47,72,65,101,91,72,76,89,26
Island,forskarutbildning,4,6,6,5,1,4,2,5,10,4,15,14,7,9,5,13,1
Island,förgymnasial utbildning,21,14,46,29,15,28,26,18,12,30,26,22,23,22,16,20,13
Island,gymnasial utbildning,51,54,59,45,28,37,36,32,53,60,63,52,56,38,53,80,44
Island,uppgift om utbildningsnivå saknas,37,35,41,45,40,44,58,53,52,99,87,86,98,80,108,139,182
Israel,"eftergymnasial utbildning, 3 år eller mer",16,24,26,61,81,32,59,63,64,64,46,56,66,45,40,33,13
Israel,"eftergymnasial utbildning, mindre än 3 år",21,30,25,88,55,44,82,51,50,55,55,44,42,54,32,28,19
Israel,forskarutbildning,3,5,4,5,4,4,2,1,5,6,2,2,4,0,8,7,1
Israel,förgymnasial utbildning,10,11,24,78,59,45,79,47,45,33,30,45,38,46,66,37,50
Israel,gymnasial utbildning,31,37,36,99,92,51,92,62,68,49,43,59,48,46,56,29,35
Israel,uppgift om utbildningsnivå saknas,12,7,20,20,30,28,45,26,32,24,21,28,22,30,15,14,53
Italien,"eftergymnasial utbildning, 3 år eller mer",99,129,84,94,91,90,157,153,233,189,210,279,324,347,412,364,294
Italien,"eftergymnasial utbildning, mindre än 3 år",34,33,44,31,31,44,62,76,122,120,120,130,158,223,263,254,172
Italien,forskarutbildning,24,22,20,15,21,10,27,29,41,40,44,53,48,59,54,52,45
Italien,förgymnasial utbildning,32,32,29,30,27,32,46,44,63,61,70,79,143,202,226,222,139
Italien,gymnasial utbildning,54,66,44,53,47,48,66,93,120,116,149,136,198,263,288,346,233
Italien,uppgift om utbildningsnivå saknas,67,86,67,35,41,53,108,110,155,117,124,123,168,210,246,380,843
Japan,"eftergymnasial utbildning, 3 år eller mer",87,93,93,113,92,93,110,110,135,132,128,111,122,95,105,90,63
Japan,"eftergymnasial utbildning, mindre än 3 år",38,44,38,49,28,37,38,49,46,51,56,37,50,38,39,25,23
Japan,forskarutbildning,34,23,27,22,25,24,16,28,28,23,24,27,24,20,22,15,15
Japan,förgymnasial utbildning,4,3,4,3,3,2,1,4,4,2,3,2,0,3,1,1,3
Japan,gymnasial utbildning,15,18,8,19,17,10,12,15,14,16,11,19,17,11,18,10,7
Japan,uppgift om utbildningsnivå saknas,79,60,83,73,58,58,71,68,69,46,55,52,65,51,46,58,132
Jordanien,"eftergymnasial utbildning, 3 år eller mer",97,96,106,96,41,44,67,143,119,87,55,55,73,62,83,76,62
Jordanien,"eftergymnasial utbildning, mindre än 3 år",87,56,80,70,34,34,89,92,75,81,60,56,81,61,75,119,134
Jordanien,forskarutbildning,7,6,6,2,2,1,4,6,5,7,1,2,0,2,1,3,3
Jordanien,förgymnasial utbildning,150,135,145,146,97,46,148,112,115,71,43,52,53,76,100,150,187
Jordanien,gymnasial utbildning,99,93,94,95,58,44,131,142,110,90,67,89,88,58,91,130,134
Jordanien,uppgift om utbildningsnivå saknas,66,71,72,74,64,27,58,58,70,52,44,50,54,42,53,72,228
Jugoslavien,"eftergymnasial utbildning, 3 år eller mer",145,126,107,0,0,0,0,0,0,0,0,0,0,0,0,0,0
Jugoslavien,"eftergymnasial utbildning, mindre än 3 år",189,198,163,0,0,0,0,0,0,0,0,0,0,0,0,0,0
Jugoslavien,forskarutbildning,9,17,10,0,0,0,0,0,0,0,0,0,0,0,0,0,0
Jugoslavien,förgymnasial utbildning,559,431,449,0,0,0,0,0,0,0,0,0,0,0,0,0,0
Jugoslavien,gymnasial utbildning,662,537,515,0,0,0,0,0,0,0,0,0,0,0,0,0,0
Jugoslavien,uppgift om utbildningsnivå saknas,185,193,159,0,0,0,0,0,0,0,0,0,0,0,0,0,0
Kanada,"eftergymnasial utbildning, 3 år eller mer",76,78,94,84,90,69,96,110,107,137,134,142,142,109,137,136,112
Kanada,"eftergymnasial utbildning, mindre än 3 år",34,27,40,61,36,36,48,70,65,89,81,43,60,63,45,55,27
Kanada,forskarutbildning,22,24,30,14,14,15,5,18,14,28,25,32,22,26,20,22,20
Kanada,förgymnasial utbildning,7,7,8,13,4,2,17,6,6,3,8,7,5,9,4,11,6
Kanada,gymnasial utbildning,31,29,18,37,24,28,31,27,17,35,34,35,37,30,25,31,12
Kanada,uppgift om utbildningsnivå saknas,43,34,37,27,37,46,50,44,60,80,70,65,78,109,118,136,200
Kenya,"eftergymnasial utbildning, 3 år eller mer",19,21,19,16,17,22,28,23,30,23,39,47,47,33,41,32,25
Kenya,"eftergymnasial utbildning, mindre än 3 år",16,14,19,15,18,28,29,30,26,49,47,56,60,63,80,59,29
Kenya,forskarutbildning,3,1,2,0,1,1,2,1,3,2,0,1,1,2,2,0,1
Kenya,förgymnasial utbildning,45,26,29,23,36,36,52,41,73,76,162,149,89,265,124,142,71
Kenya,gymnasial utbildning,27,16,28,20,27,40,44,49,51,55,89,73,77,86,44,65,26
Kenya,uppgift om utbildningsnivå saknas,34,21,22,22,18,30,25,30,41,65,62,28,29,180,71,99,161
Kina,"eftergymnasial utbildning, 3 år eller mer",204,219,208,279,370,335,468,756,935,951,954,852,790,701,803,758,510
Kina,"eftergymnasial utbildning, mindre än 3 år",74,105,150,243,100,225,441,537,740,909,861,324,386,298,332,375,68
Kina,forskarutbildning,82,59,64,37,41,38,36,66,55,64,66,79,89,72,105,99,59
Kina,förgymnasial utbildning,65,87,92,92,98,91,138,143,132,193,209,177,191,132,111,85,52
Kina,gymnasial utbildning,85,71,75,80,70,93,116,121,138,174,176,193,178,106,114,118,57
Kina,uppgift om utbildningsnivå saknas,127,153,171,185,215,308,268,295,394,524,595,590,509,434,524,551,1134
Kosovo,"eftergymnasial utbildning, 3 år eller mer",0,0,0,0,0,0,0,0,0,0,0,0,0,0,0,0,0
Kosovo,"eftergymnasial utbildning, mindre än 3 år",0,0,0,0,0,0,0,0,0,0,0,0,0,0,0,0,0
Kosovo,forskarutbildning,0,0,0,0,0,0,0,0,0,0,0,0,0,0,0,0,0
Kosovo,förgymnasial utbildning,0,0,0,0,0,0,0,0,0,0,0,0,0,0,0,0,0
Kosovo,gymnasial utbildning,0,0,0,0,0,0,0,0,0,0,0,0,0,0,0,0,0
Kosovo,uppgift om utbildningsnivå saknas,0,0,0,0,0,0,0,0,0,0,0,0,0,0,0,0,0
Kroatien,"eftergymnasial utbildning, 3 år eller mer",25,14,15,25,15,19,20,17,29,26,18,21,33,60,166,189,105
Kroatien,"eftergymnasial utbildning, mindre än 3 år",15,13,17,25,19,17,15,21,13,25,17,19,19,57,107,150,107
Kroatien,forskarutbildning,4,0,3,0,0,2,1,0,2,0,0,1,2,7,9,6,10
Kroatien,förgymnasial utbildning,19,11,14,20,16,17,13,11,6,9,12,15,4,27,39,38,20
Kroatien,gymnasial utbildning,46,45,51,54,51,44,70,54,43,58,52,48,56,151,356,373,222
Kroatien,uppgift om utbildningsnivå saknas,8,9,10,5,5,3,15,10,13,18,12,22,15,71,148,221,551
Lettland,"eftergymnasial utbildning, 3 år eller mer",56,42,56,57,53,57,73,78,104,174,165,178,145,110,124,107,71
Lettland,"eftergymnasial utbildning, mindre än 3 år",25,20,24,29,32,36,58,44,49,117,104,95,98,71,74,54,33
Lettland,forskarutbildning,3,6,3,2,0,2,2,1,4,6,3,4,1,1,5,1,4
Lettland,förgymnasial utbildning,4,9,4,6,10,16,19,26,22,58,28,21,33,25,20,16,11
Lettland,gymnasial utbildning,20,26,23,24,55,42,67,60,64,172,139,158,130,92,86,87,40
Lettland,uppgift om utbildningsnivå saknas,31,23,25,19,28,41,71,82,90,220,169,183,168,181,239,368,561
Libanon,"eftergymnasial utbildning, 3 år eller mer",42,55,39,59,50,54,120,95,65,67,69,63,63,100,107,100,86
Libanon,"eftergymnasial utbildning, mindre än 3 år",38,52,49,57,86,72,163,72,83,93,88,92,90,114,162,189,235
Libanon,forskarutbildning,0,4,2,4,1,1,3,1,1,1,3,2,2,4,0,4,4
Libanon,förgymnasial utbildning,127,111,127,140,171,160,454,185,155,212,189,164,197,187,270,296,490
Libanon,gymnasial utbildning,99,91,90,96,110,136,275,125,119,139,136,123,131,123,186,200,224
Libanon,uppgift om utbildningsnivå saknas,24,35,33,43,41,56,136,61,59,65,79,52,74,69,98,129,404
Litauen,"eftergymnasial utbildning, 3 år eller mer",41,70,85,98,128,145,192,182,202,237,273,325,293,205,198,191,140
Litauen,"eftergymnasial utbildning, mindre än 3 år",17,22,38,28,51,82,98,122,119,144,160,128,131,112,108,102,52
Litauen,forskarutbildning,13,11,6,4,3,1,3,2,2,7,2,5,10,9,4,7,5
Litauen,förgymnasial utbildning,2,7,10,9,23,42,68,48,66,79,67,45,56,31,29,30,11
Litauen,gymnasial utbildning,27,35,38,30,92,172,190,189,205,290,285,249,218,174,182,144,82
Litauen,uppgift om utbildningsnivå saknas,13,26,24,22,45,120,171,203,178,258,277,275,321,304,420,532,823
Luxemburg,"eftergymnasial utbildning, 3 år eller mer",3,2,5,2,6,4,12,7,8,8,11,8,11,7,15,10,16
Luxemburg,"eftergymnasial utbildning, mindre än 3 år",3,4,3,2,1,3,4,2,3,3,5,2,9,5,3,5,3
Luxemburg,forskarutbildning,0,1,3,1,2,0,0,2,1,1,2,2,0,0,3,0,1
Luxemburg,förgymnasial utbildning,0,0,2,0,0,0,1,1,1,0,0,0,0,1,0,0,0
Luxemburg,gymnasial utbildning,4,0,1,2,0,2,1,2,2,5,2,1,2,2,0,0,5
Luxemburg,uppgift om utbildningsnivå saknas,2,0,4,2,6,2,1,4,3,2,5,12,7,5,7,4,16
Makedonien,"eftergymnasial utbildning, 3 år eller mer",18,19,15,21,19,20,28,33,39,44,41,44,44,46,73,78,59
Makedonien,"eftergymnasial utbildning, mindre än 3 år",10,21,16,17,10,22,21,27,33,36,31,31,29,19,40,34,31
Makedonien,forskarutbildning,0,0,2,0,2,0,0,0,3,2,1,0,1,0,2,0,2
Makedonien,förgymnasial utbildning,48,41,32,47,57,55,86,49,66,40,44,60,56,39,37,35,26
Makedonien,gymnasial utbildning,63,61,42,58,69,62,69,43,104,96,78,97,97,106,107,91,78
Makedonien,uppgift om utbildningsnivå saknas,8,21,10,13,11,16,29,21,27,16,19,29,45,47,44,74,189
Malaysia,"eftergymnasial utbildning, 3 år eller mer",17,19,20,18,20,18,28,33,39,22,27,26,23,23,23,27,25
Malaysia,"eftergymnasial utbildning, mindre än 3 år",11,19,17,12,4,18,11,20,20,13,25,13,15,16,25,31,13
Malaysia,forskarutbildning,4,2,2,1,0,0,1,0,0,2,2,1,1,4,8,1,2
Malaysia,förgymnasial utbildning,5,12,6,10,4,2,12,77,23,42,3,8,11,20,5,6,7
Malaysia,gymnasial utbildning,9,12,9,10,9,9,12,33,11,18,4,9,7,14,6,11,11
Malaysia,uppgift om utbildningsnivå saknas,3,15,4,2,5,11,12,31,12,11,12,15,17,17,9,14,44
Malta,"eftergymnasial utbildning, 3 år eller mer",1,2,2,4,2,3,2,5,2,4,4,9,7,3,3,6,11
Malta,"eftergymnasial utbildning, mindre än 3 år",1,0,0,2,1,3,1,1,2,5,2,4,4,5,9,11,6
Malta,forskarutbildning,0,0,0,2,0,0,0,0,1,2,0,3,0,0,0,0,0
Malta,förgymnasial utbildning,0,0,1,0,0,1,2,3,0,6,4,9,20,31,4,4,1
Malta,gymnasial utbildning,0,2,3,1,1,3,3,6,9,4,6,7,9,12,3,9,7
Malta,uppgift om utbildningsnivå saknas,2,2,1,0,2,0,1,3,4,6,8,7,6,5,1,3,27
Marocko,"eftergymnasial utbildning, 3 år eller mer",24,35,34,38,34,24,46,50,61,54,54,40,45,47,50,33,23
Marocko,"eftergymnasial utbildning, mindre än 3 år",31,40,39,42,45,38,65,68,81,83,85,67,101,71,86,76,60
Marocko,forskarutbildning,2,1,1,1,3,0,0,2,2,0,5,0,0,2,3,0,2
Marocko,förgymnasial utbildning,53,77,49,74,61,53,84,90,117,97,97,107,108,83,95,91,56
Marocko,gymnasial utbildning,52,63,48,49,53,54,82,89,121,100,89,83,76,71,69,83,60
Marocko,uppgift om utbildningsnivå saknas,10,14,19,19,17,25,19,28,38,22,25,22,45,57,55,73,131
Montenegro,"eftergymnasial utbildning, 3 år eller mer",0,0,0,0,0,0,0,0,0,0,0,0,0,0,0,0,0
Montenegro,"eftergymnasial utbildning, mindre än 3 år",0,0,0,0,0,0,0,0,0,0,0,0,0,0,0,0,0
Montenegro,forskarutbildning,0,0,0,0,0,0,0,0,0,0,0,0,0,0,0,0,0
Montenegro,förgymnasial utbildning,0,0,0,0,0,0,0,0,0,0,0,0,0,0,0,0,0
Montenegro,gymnasial utbildning,0,0,0,0,0,0,0,0,0,0,0,0,0,0,0,0,0
Montenegro,uppgift om utbildningsnivå saknas,0,0,0,0,0,0,0,0,0,0,0,0,0,0,0,0,0
Nederländerna,"eftergymnasial utbildning, 3 år eller mer",161,169,155,146,193,218,305,331,336,239,270,281,281,280,317,348,273
Nederländerna,"eftergymnasial utbildning, mindre än 3 år",47,65,70,65,56,94,159,126,147,111,121,106,115,122,133,121,56
Nederländerna,forskarutbildning,25,21,25,24,31,20,26,20,30,26,30,29,37,31,48,37,35
Nederländerna,förgymnasial utbildning,33,22,30,28,34,39,75,61,56,38,33,40,26,27,26,35,16
Nederländerna,gymnasial utbildning,61,69,80,84,82,89,152,133,141,114,96,77,84,81,74,76,63
Nederländerna,uppgift om utbildningsnivå saknas,56,79,66,54,66,100,111,179,161,138,135,167,137,187,208,237,474
Nigeria,"eftergymnasial utbildning, 3 år eller mer",16,14,17,36,76,106,137,101,88,74,83,75,59,68,66,62,34
Nigeria,"eftergymnasial utbildning, mindre än 3 år",10,15,18,24,29,76,86,51,62,79,78,56,61,46,41,57,31
Nigeria,forskarutbildning,2,0,3,0,1,6,5,2,0,0,4,0,1,1,0,1,1
Nigeria,förgymnasial utbildning,2,6,6,12,12,17,27,20,25,45,49,45,41,47,50,40,36
Nigeria,gymnasial utbildning,13,10,14,16,24,46,53,36,49,66,72,78,77,64,63,48,39
Nigeria,uppgift om utbildningsnivå saknas,2,3,8,9,21,56,61,26,28,27,17,17,19,24,30,21,85
Norge,"eftergymnasial utbildning, 3 år eller mer",536,525,618,555,470,360,363,392,376,336,385,376,377,339,358,407,358
Norge,"eftergymnasial utbildning, mindre än 3 år",305,343,384,386,289,249,282,280,286,242,243,259,240,222,238,251,144
Norge,forskarutbildning,32,33,23,28,18,17,15,22,22,19,33,28,20,25,21,37,35
Norge,förgymnasial utbildning,306,316,334,294,260,214,210,190,173,163,197,180,160,168,163,145,139
Norge,gymnasial utbildning,561,570,561,569,475,405,436,343,377,346,409,452,423,378,338,373,333
Norge,uppgift om utbildningsnivå saknas,759,761,1023,844,695,849,793,837,769,637,687,799,780,810,810,805,1160
Nya Zeeland,"eftergymnasial utbildning, 3 år eller mer",21,24,22,25,21,13,28,23,30,29,36,23,26,29,26,21,28
Nya Zeeland,"eftergymnasial utbildning, mindre än 3 år",8,18,17,15,15,15,12,12,18,13,15,16,12,15,15,13,7
Nya Zeeland,forskarutbildning,7,4,5,1,2,3,1,2,5,2,3,5,2,9,4,5,5
Nya Zeeland,förgymnasial utbildning,4,4,5,5,2,4,2,5,2,2,3,3,2,0,2,2,3
Nya Zeeland,gymnasial utbildning,15,10,13,11,11,13,7,8,6,9,10,11,12,7,10,7,8
Nya Zeeland,uppgift om utbildningsnivå saknas,18,13,6,7,12,16,8,14,9,23,30,14,14,15,19,19,43
Okänt land,"eftergymnasial utbildning, 3 år eller mer",44,41,44,81,79,68,47,62,61,78,101,159,175,361,528,393,208
Okänt land,"eftergymnasial utbildning, mindre än 3 år",24,24,30,70,48,64,42,43,54,89,110,145,155,326,486,340,266
Okänt land,forskarutbildning,5,4,5,3,2,1,2,3,3,3,9,7,5,29,32,30,14
Okänt land,förgymnasial utbildning,46,51,58,110,85,75,84,68,90,147,123,195,256,431,549,384,388
Okänt land,gymnasial utbildning,51,48,53,96,85,69,83,62,98,147,143,216,197,339,516,352,308
Okänt land,uppgift om utbildningsnivå saknas,45,44,30,37,52,44,24,33,43,85,109,174,141,398,495,456,819
Pakistan,"eftergymnasial utbildning, 3 år eller mer",35,49,41,81,152,160,209,350,383,442,403,199,197,184,159,213,113
Pakistan,"eftergymnasial utbildning, mindre än 3 år",25,47,59,83,68,188,331,387,566,718,593,174,173,144,135,194,88
Pakistan,forskarutbildning,18,14,7,2,0,2,4,7,2,1,2,1,3,2,3,6,11
Pakistan,förgymnasial utbildning,41,57,61,50,53,48,69,70,64,93,71,127,137,109,108,104,46
Pakistan,gymnasial utbildning,39,42,48,61,64,57,97,68,92,75,84,109,84,69,73,106,51
Pakistan,uppgift om utbildningsnivå saknas,46,38,62,71,121,210,196,298,283,352,295,176,162,128,185,216,436
"Palestinskt område, ockuperat","eftergymnasial utbildning, 3 år eller mer",0,0,0,0,0,0,0,0,0,0,0,0,0,0,0,0,0
"Palestinskt område, ockuperat","eftergymnasial utbildning, mindre än 3 år",0,0,0,0,0,0,0,0,0,0,0,0,0,0,0,0,0
"Palestinskt område, ockuperat",forskarutbildning,0,0,0,0,0,0,0,0,0,0,0,0,0,0,0,0,0
"Palestinskt område, ockuperat",förgymnasial utbildning,0,0,0,0,0,0,0,0,0,0,0,0,0,0,0,0,0
"Palestinskt område, ockuperat",gymnasial utbildning,0,0,0,0,0,0,0,0,0,0,0,0,0,0,0,0,0
"Palestinskt område, ockuperat",uppgift om utbildningsnivå saknas,0,0,0,0,0,0,0,0,0,0,0,0,0,0,0,0,0
Peru,"eftergymnasial utbildning, 3 år eller mer",62,60,45,60,73,71,79,56,75,49,46,41,42,26,30,28,11
Peru,"eftergymnasial utbildning, mindre än 3 år",41,33,32,40,23,26,50,52,35,47,50,42,30,25,13,23,17
Peru,forskarutbildning,1,4,1,0,0,2,1,1,2,0,0,2,2,0,1,2,1
Peru,förgymnasial utbildning,26,17,18,19,9,11,28,15,20,27,19,12,15,7,5,6,1
Peru,gymnasial utbildning,33,22,32,25,40,28,55,51,40,63,35,39,41,18,26,18,18
Peru,uppgift om utbildningsnivå saknas,12,9,19,18,25,23,22,12,32,24,21,17,17,20,12,18,46
Polen,"eftergymnasial utbildning, 3 år eller mer",134,211,329,355,585,606,996,1058,908,686,577,653,660,702,720,700,430
Polen,"eftergymnasial utbildning, mindre än 3 år",84,97,98,110,309,414,797,811,707,523,433,485,472,491,486,416,178
Polen,forskarutbildning,33,48,42,18,27,18,34,30,32,32,16,19,15,31,24,17,21
Polen,förgymnasial utbildning,51,50,62,53,129,204,410,397,342,253,180,162,145,125,119,121,55
Polen,gymnasial utbildning,184,206,207,214,752,1092,2030,2379,1946,1386,1071,1099,1006,970,941,892,400
Polen,uppgift om utbildningsnivå saknas,37,52,100,69,189,387,839,1331,1527,1132,1196,986,1144,1322,1716,2294,3114
Portugal,"eftergymnasial utbildning, 3 år eller mer",13,19,29,27,24,23,49,46,61,65,60,65,113,103,96,94,74
Portugal,"eftergymnasial utbildning, mindre än 3 år",7,10,13,7,10,12,15,18,22,18,22,29,38,39,36,36,17
Portugal,forskarutbildning,8,4,6,2,1,2,2,2,5,4,6,8,11,8,16,16,13
Portugal,förgymnasial utbildning,13,13,10,6,24,19,18,24,14,19,18,17,21,19,13,14,12
Portugal,gymnasial utbildning,17,11,14,15,23,19,30,27,36,21,23,20,33,30,27,31,19
Portugal,uppgift om utbildningsnivå saknas,7,11,14,12,19,24,29,27,29,36,30,29,51,42,39,50,136
Rumänien,"eftergymnasial utbildning, 3 år eller mer",78,77,95,118,102,96,97,369,347,300,355,437,377,401,381,329,239
Rumänien,"eftergymnasial utbildning, mindre än 3 år",39,42,52,55,43,53,42,233,188,171,169,212,168,169,176,164,96
Rumänien,forskarutbildning,8,15,10,8,2,1,6,15,9,12,16,13,14,12,9,9,13
Rumänien,förgymnasial utbildning,23,11,29,18,21,29,21,258,206,134,126,110,93,75,105,111,71
Rumänien,gymnasial utbildning,68,65,87,78,78,95,92,678,514,370,344,420,349,348,354,326,213
Rumänien,uppgift om utbildningsnivå saknas,17,27,33,21,33,41,27,516,752,466,368,316,310,392,482,734,1134
Ryssland,"eftergymnasial utbildning, 3 år eller mer",392,353,383,360,424,329,465,348,350,416,501,445,441,336,339,230,232
Ryssland,"eftergymnasial utbildning, mindre än 3 år",80,93,96,99,93,101,151,108,100,150,196,140,154,109,124,110,98
Ryssland,forskarutbildning,82,74,40,32,36,19,31,19,29,31,27,27,34,21,26,23,16
Ryssland,förgymnasial utbildning,35,42,36,41,67,49,145,51,51,67,51,62,65,74,73,55,67
Ryssland,gymnasial utbildning,89,87,101,99,145,105,191,113,94,113,107,114,115,109,94,72,51
Ryssland,uppgift om utbildningsnivå saknas,78,95,104,87,100,94,126,86,76,82,104,124,124,110,130,132,335
Saudiarabien,"eftergymnasial utbildning, 3 år eller mer",19,9,15,21,18,14,19,13,27,29,20,33,36,46,71,153,70
Saudiarabien,"eftergymnasial utbildning, mindre än 3 år",11,9,12,15,9,10,19,3,7,47,17,10,17,23,59,117,188
Saudiarabien,forskarutbildning,1,0,3,2,3,0,1,2,4,2,1,3,5,0,7,7,8
Saudiarabien,förgymnasial utbildning,34,9,12,17,13,8,25,16,22,9,20,17,20,31,35,86,109
Saudiarabien,gymnasial utbildning,23,10,15,27,15,12,32,17,24,21,22,21,24,29,50,99,177
Saudiarabien,uppgift om utbildningsnivå saknas,19,9,20,12,8,14,15,12,17,44,21,58,27,74,48,102,270
Schweiz,"eftergymnasial utbildning, 3 år eller mer",51,56,39,64,51,48,78,90,99,79,82,114,98,88,92,142,114
Schweiz,"eftergymnasial utbildning, mindre än 3 år",19,16,20,24,21,28,18,28,32,29,28,41,32,37,34,35,32
Schweiz,forskarutbildning,6,10,14,5,10,21,7,11,27,15,24,34,19,26,31,47,22
Schweiz,förgymnasial utbildning,3,9,10,6,6,5,8,14,15,11,5,7,6,9,17,9,7
Schweiz,gymnasial utbildning,28,27,23,30,19,25,31,35,38,44,31,27,34,22,29,30,24
Schweiz,uppgift om utbildningsnivå saknas,29,28,32,16,23,38,35,34,42,41,43,46,33,55,76,65,135
Serbien,"eftergymnasial utbildning, 3 år eller mer",0,0,0,0,0,0,16,129,128,102,93,104,144,144,153,180,140
Serbien,"eftergymnasial utbildning, mindre än 3 år",0,0,0,0,0,0,16,167,176,94,92,93,109,87,101,90,82
Serbien,forskarutbildning,0,0,0,0,0,0,0,2,2,1,1,5,1,2,4,5,6
Serbien,förgymnasial utbildning,0,0,0,0,0,0,49,410,366,173,146,160,190,144,141,149,60
Serbien,gymnasial utbildning,0,0,0,0,0,0,48,625,673,332,226,305,396,283,323,286,203
Serbien,uppgift om utbildningsnivå saknas,0,0,0,0,0,0,25,134,136,97,80,91,139,109,123,179,428
Serbien och Montenegro,"eftergymnasial utbildning, 3 år eller mer",0,0,0,151,126,133,194,0,0,0,0,0,0,0,0,0,0
Serbien och Montenegro,"eftergymnasial utbildning, mindre än 3 år",0,0,0,164,146,150,259,0,0,0,0,0,0,0,0,0,0
Serbien och Montenegro,forskarutbildning,0,0,0,6,3,1,4,0,0,0,0,0,0,0,0,0,0
Serbien och Montenegro,förgymnasial utbildning,0,0,0,392,388,450,909,0,0,0,0,0,0,0,0,0,0
Serbien och Montenegro,gymnasial utbildning,0,0,0,503,551,563,981,0,0,0,0,0,0,0,0,0,0
Serbien och Montenegro,uppgift om utbildningsnivå saknas,0,0,0,143,117,154,238,0,0,0,0,0,0,0,0,0,0
Singapore,"eftergymnasial utbildning, 3 år eller mer",20,24,21,45,13,17,26,60,59,43,57,28,50,34,36,31,26
Singapore,"eftergymnasial utbildning, mindre än 3 år",8,8,6,9,7,9,11,3,18,19,18,17,8,19,12,7,5
Singapore,forskarutbildning,4,2,5,0,0,2,2,3,5,8,3,6,3,3,8,5,4
Singapore,förgymnasial utbildning,1,4,1,3,2,2,4,2,6,3,2,2,1,2,3,1,2
Singapore,gymnasial utbildning,7,10,14,6,4,6,3,12,10,6,6,5,2,8,4,2,4
Singapore,uppgift om utbildningsnivå saknas,37,18,26,11,11,1,18,38,36,17,17,14,16,14,18,13,38
Slovakien,"eftergymnasial utbildning, 3 år eller mer",15,7,16,11,29,18,27,15,38,36,23,31,26,33,52,54,36
Slovakien,"eftergymnasial utbildning, mindre än 3 år",3,3,6,10,11,3,9,17,10,6,11,5,12,18,9,24,6
Slovakien,forskarutbildning,5,10,5,1,1,2,3,3,6,3,4,2,2,5,4,7,3
Slovakien,förgymnasial utbildning,9,6,6,4,21,14,27,24,15,37,19,9,4,4,12,4,9
Slovakien,gymnasial utbildning,12,8,11,6,16,16,29,17,28,27,24,21,24,17,11,18,15
Slovakien,uppgift om utbildningsnivå saknas,3,8,12,6,11,17,21,46,61,54,90,52,23,24,43,32,61
Slovenien,"eftergymnasial utbildning, 3 år eller mer",2,5,4,3,6,10,11,21,8,8,6,25,22,38,44,37,20
Slovenien,"eftergymnasial utbildning, mindre än 3 år",1,7,1,3,4,3,3,4,9,7,7,6,15,16,13,18,7
Slovenien,forskarutbildning,1,1,0,1,0,0,2,0,2,1,0,2,4,1,2,5,1
Slovenien,förgymnasial utbildning,1,0,1,3,3,2,5,3,11,5,4,2,1,2,4,3,1
Slovenien,gymnasial utbildning,4,4,4,5,9,8,15,17,21,22,19,9,16,19,19,13,10
Slovenien,uppgift om utbildningsnivå saknas,1,3,2,2,2,3,13,11,17,19,9,13,10,12,16,20,43
Somalia,"eftergymnasial utbildning, 3 år eller mer",6,5,12,29,8,14,32,34,39,86,137,34,45,35,22,17,22
Somalia,"eftergymnasial utbildning, mindre än 3 år",6,6,21,25,16,28,81,57,63,147,226,79,76,74,39,33,51
Somalia,forskarutbildning,2,0,3,1,1,1,3,2,2,6,2,5,0,3,1,1,1
Somalia,förgymnasial utbildning,110,138,236,385,194,310,1143,1019,790,1998,2657,1254,1204,1488,710,571,434
Somalia,gymnasial utbildning,37,49,72,146,49,89,313,264,196,475,667,372,280,177,115,84,79
Somalia,uppgift om utbildningsnivå saknas,58,74,99,159,97,116,314,327,362,734,768,175,262,691,359,501,1113
Spanien,"eftergymnasial utbildning, 3 år eller mer",140,151,139,169,146,149,210,237,266,237,252,296,432,545,476,438,270
Spanien,"eftergymnasial utbildning, mindre än 3 år",50,57,79,84,81,74,132,126,143,233,170,193,264,287,293,259,144
Spanien,forskarutbildning,32,30,30,11,21,18,14,27,23,21,36,41,51,58,67,55,36
Spanien,förgymnasial utbildning,36,54,44,69,60,49,66,71,78,98,113,98,120,142,158,113,73
Spanien,gymnasial utbildning,80,85,102,98,97,109,129,148,176,222,198,227,286,292,274,228,168
Spanien,uppgift om utbildningsnivå saknas,69,83,92,67,84,94,121,157,160,194,149,163,179,304,281,332,714
Sri Lanka,"eftergymnasial utbildning, 3 år eller mer",15,11,16,18,17,23,29,21,28,20,20,19,17,16,11,22,10
Sri Lanka,"eftergymnasial utbildning, mindre än 3 år",17,15,8,20,6,19,32,20,12,21,22,12,17,12,21,12,9
Sri Lanka,forskarutbildning,1,9,2,1,1,0,1,3,1,0,0,1,1,2,1,5,0
Sri Lanka,förgymnasial utbildning,18,22,16,22,8,17,23,33,23,28,26,15,36,14,19,15,7
Sri Lanka,gymnasial utbildning,25,38,31,26,25,27,49,39,41,34,30,36,36,19,28,24,16
Sri Lanka,uppgift om utbildningsnivå saknas,12,14,16,9,16,10,12,15,16,11,9,7,21,11,15,19,50
Storbritannien och Nordirland,"eftergymnasial utbildning, 3 år eller mer",433,439,461,490,474,382,517,582,649,585,567,741,625,661,681,558,512
Storbritannien och Nordirland,"eftergymnasial utbildning, mindre än 3 år",221,238,274,241,197,221,288,322,345,361,297,325,375,305,356,350,173
Storbritannien och Nordirland,forskarutbildning,100,129,82,60,39,49,52,58,66,66,80,121,114,79,96,85,68
Storbritannien och Nordirland,förgymnasial utbildning,73,75,75,86,95,74,123,108,133,152,102,100,120,108,118,119,99
Storbritannien och Nordirland,gymnasial utbildning,210,236,219,236,218,209,297,284,380,344,296,291,334,292,275,267,241
Storbritannien och Nordirland,uppgift om utbildningsnivå saknas,231,265,248,190,199,230,336,402,457,405,362,428,409,473,587,663,1284
Sudan,"eftergymnasial utbildning, 3 år eller mer",11,9,7,11,25,19,25,31,43,46,40,42,65,80,99,73,74
Sudan,"eftergymnasial utbildning, mindre än 3 år",5,6,5,6,13,21,21,30,26,42,62,54,59,84,137,99,138
Sudan,forskarutbildning,1,2,0,0,1,2,0,0,2,2,2,2,0,2,0,3,1
Sudan,förgymnasial utbildning,9,12,20,15,24,50,64,71,112,166,228,294,269,483,611,522,473
Sudan,gymnasial utbildning,6,7,17,17,28,52,65,91,121,150,191,211,223,314,357,286,220
Sudan,uppgift om utbildningsnivå saknas,11,7,7,13,14,15,16,19,34,40,62,60,59,46,83,90,361
Sverige,"eftergymnasial utbildning, 3 år eller mer",0,0,0,0,0,0,0,0,0,0,0,0,0,0,0,0,0
Sverige,"eftergymnasial utbildning, mindre än 3 år",0,0,0,0,0,0,0,0,0,0,0,0,0,0,0,0,0
Sverige,forskarutbildning,0,0,0,0,0,0,0,0,0,0,0,0,0,0,0,0,0
Sverige,förgymnasial utbildning,0,0,0,0,0,0,0,0,0,0,0,0,0,0,0,0,0
Sverige,gymnasial utbildning,0,0,0,0,0,0,0,0,0,0,0,0,0,0,0,0,0
Sverige,uppgift om utbildningsnivå saknas,0,0,0,0,0,0,0,0,0,0,0,0,0,0,0,0,0
Sydkorea,"eftergymnasial utbildning, 3 år eller mer",27,27,30,22,35,24,33,45,47,44,59,55,50,65,53,46,70
Sydkorea,"eftergymnasial utbildning, mindre än 3 år",8,5,4,4,7,5,12,14,20,24,26,21,18,25,21,21,15
Sydkorea,forskarutbildning,6,2,5,6,4,2,4,4,8,5,7,7,6,7,7,5,9
Sydkorea,förgymnasial utbildning,1,0,0,0,0,0,0,0,0,0,6,2,0,1,6,0,3
Sydkorea,gymnasial utbildning,6,3,1,3,4,9,2,7,6,2,3,6,2,8,5,3,4
Sydkorea,uppgift om utbildningsnivå saknas,13,25,15,21,15,27,13,25,20,20,30,32,25,40,44,29,105
Syrien,"eftergymnasial utbildning, 3 år eller mer",78,83,84,132,84,67,128,212,287,316,182,192,387,1439,2550,2408,1999
Syrien,"eftergymnasial utbildning, mindre än 3 år",75,82,123,108,92,96,187,185,293,301,268,281,657,2075,3725,3819,6622
Syrien,forskarutbildning,1,7,6,5,1,2,5,6,7,8,0,2,11,56,113,83,62
Syrien,förgymnasial utbildning,202,249,290,346,306,265,491,463,653,754,654,854,1784,3549,5409,5509,8786
Syrien,gymnasial utbildning,128,148,163,171,143,161,266,306,392,458,318,434,850,1892,3200,3147,5025
Syrien,uppgift om utbildningsnivå saknas,70,86,129,112,91,79,125,139,225,214,153,179,257,611,1053,1540,8046
Tanzania,"eftergymnasial utbildning, 3 år eller mer",8,7,15,11,13,7,13,25,20,27,21,20,16,12,22,11,16
Tanzania,"eftergymnasial utbildning, mindre än 3 år",8,8,16,12,11,9,8,11,20,19,23,23,23,8,21,13,8
Tanzania,forskarutbildning,1,3,1,1,0,2,1,0,0,0,0,1,2,0,1,0,1
Tanzania,förgymnasial utbildning,3,10,28,12,7,19,6,21,17,27,19,15,23,17,9,12,10
Tanzania,gymnasial utbildning,15,16,12,15,9,16,17,11,15,15,17,22,31,24,22,15,10
Tanzania,uppgift om utbildningsnivå saknas,3,8,13,9,6,6,4,11,11,7,11,11,9,8,9,5,37
Thailand,"eftergymnasial utbildning, 3 år eller mer",72,87,115,237,232,237,299,321,388,403,405,346,306,261,233,150,147
Thailand,"eftergymnasial utbildning, mindre än 3 år",47,55,84,130,169,169,190,193,256,293,243,197,196,131,111,104,85
Thailand,forskarutbildning,5,7,9,8,0,4,2,7,2,3,1,3,2,4,2,4,8
Thailand,förgymnasial utbildning,371,332,488,769,782,820,998,1025,1186,1059,957,853,719,489,438,326,232
Thailand,gymnasial utbildning,119,103,150,224,230,261,320,320,422,357,363,335,320,219,185,173,113
Thailand,uppgift om utbildningsnivå saknas,27,51,70,83,96,133,128,144,176,235,218,246,236,202,229,234,547
Tjeckien,"eftergymnasial utbildning, 3 år eller mer",19,32,32,31,34,30,47,55,80,65,71,69,82,87,67,98,58
Tjeckien,"eftergymnasial utbildning, mindre än 3 år",7,12,9,13,8,13,31,25,35,14,23,20,23,34,36,34,20
Tjeckien,forskarutbildning,4,5,2,8,3,4,7,9,6,3,5,16,8,3,5,6,10
Tjeckien,förgymnasial utbildning,5,3,4,2,4,3,4,9,17,18,9,5,6,12,14,13,5
Tjeckien,gymnasial utbildning,26,21,29,25,18,30,40,40,59,39,31,37,33,32,57,42,25
Tjeckien,uppgift om utbildningsnivå saknas,13,12,24,11,10,18,33,49,102,56,40,36,40,47,73,90,186
Tjeckoslovakien fd,"eftergymnasial utbildning, 3 år eller mer",0,0,0,0,0,0,0,0,0,0,0,0,0,0,0,0,0
Tjeckoslovakien fd,"eftergymnasial utbildning, mindre än 3 år",0,0,0,0,0,0,0,0,0,0,0,0,0,0,0,0,0
Tjeckoslovakien fd,forskarutbildning,0,0,0,0,0,0,0,0,0,0,0,0,0,0,0,0,0
Tjeckoslovakien fd,förgymnasial utbildning,0,0,0,0,0,0,0,0,0,0,0,0,0,0,0,0,0
Tjeckoslovakien fd,gymnasial utbildning,0,0,0,0,0,0,0,0,0,0,0,0,0,0,0,0,0
Tjeckoslovakien fd,uppgift om utbildningsnivå saknas,0,0,0,0,0,0,0,0,0,0,0,0,0,0,0,0,0
Tunisien,"eftergymnasial utbildning, 3 år eller mer",11,6,20,14,12,12,23,23,28,22,36,33,59,37,36,32,22
Tunisien,"eftergymnasial utbildning, mindre än 3 år",17,22,15,27,32,37,37,30,43,48,55,57,61,45,39,35,30
Tunisien,forskarutbildning,4,1,0,2,2,0,0,3,0,2,1,1,2,2,3,0,1
Tunisien,förgymnasial utbildning,30,25,30,36,40,46,56,49,51,45,58,45,129,33,35,34,31
Tunisien,gymnasial utbildning,20,34,32,45,44,47,54,78,52,58,60,65,98,49,42,58,25
Tunisien,uppgift om utbildningsnivå saknas,5,3,9,9,2,11,7,15,8,17,22,18,33,16,16,28,60
Turkiet,"eftergymnasial utbildning, 3 år eller mer",95,87,107,139,129,122,153,199,211,271,233,118,150,150,218,312,278
Turkiet,"eftergymnasial utbildning, mindre än 3 år",79,93,103,141,100,101,137,141,210,264,299,149,175,173,266,420,567
Turkiet,forskarutbildning,7,10,7,2,4,8,8,11,6,15,12,6,11,9,5,14,19
Turkiet,förgymnasial utbildning,330,370,378,447,466,399,653,521,493,637,650,614,528,394,505,752,1036
Turkiet,gymnasial utbildning,207,221,284,278,315,243,360,336,358,394,500,379,339,260,357,472,587
Turkiet,uppgift om utbildningsnivå saknas,65,81,108,122,143,142,141,158,172,225,354,365,362,299,331,543,1375
Tyskland,"eftergymnasial utbildning, 3 år eller mer",488,595,610,601,651,653,934,1116,1018,821,741,757,723,810,810,848,697
Tyskland,"eftergymnasial utbildning, mindre än 3 år",191,177,177,181,198,206,385,352,396,362,292,270,295,351,360,381,159
Tyskland,forskarutbildning,132,98,119,138,132,107,117,162,143,138,135,158,144,123,148,132,132
Tyskland,förgymnasial utbildning,295,153,174,156,152,175,244,246,211,152,111,77,93,67,70,73,75
Tyskland,gymnasial utbildning,403,301,312,325,388,369,565,736,611,458,333,265,241,199,214,210,156
Tyskland,uppgift om utbildningsnivå saknas,354,337,311,296,303,414,553,668,637,549,453,428,464,457,465,557,1183
USA,"eftergymnasial utbildning, 3 år eller mer",365,369,456,399,420,393,392,404,501,502,544,492,581,496,532,398,269
USA,"eftergymnasial utbildning, mindre än 3 år",171,213,216,194,154,172,186,188,282,287,303,247,284,258,273,207,116
USA,forskarutbildning,113,136,92,67,72,56,62,61,86,84,76,89,101,97,87,94,70
USA,förgymnasial utbildning,26,31,43,48,28,28,28,35,31,46,40,39,29,27,32,38,23
USA,gymnasial utbildning,123,130,145,138,116,116,127,126,174,212,166,186,181,126,147,139,105
USA,uppgift om utbildningsnivå saknas,283,278,239,238,231,265,253,274,287,302,337,342,349,480,398,450,775
Uganda,"eftergymnasial utbildning, 3 år eller mer",10,7,8,12,10,11,26,23,25,30,35,26,34,48,96,42,35
Uganda,"eftergymnasial utbildning, mindre än 3 år",6,8,11,12,11,6,22,23,42,38,43,32,44,78,82,46,59
Uganda,forskarutbildning,1,0,0,0,0,0,0,2,1,1,0,0,1,0,0,1,0
Uganda,förgymnasial utbildning,5,6,10,9,9,11,18,33,42,49,30,34,89,156,123,130,87
Uganda,gymnasial utbildning,13,5,10,11,12,24,26,33,38,45,38,46,74,112,91,65,61
Uganda,uppgift om utbildningsnivå saknas,5,5,9,4,6,14,16,26,36,55,28,25,73,104,70,113,226
Ukraina,"eftergymnasial utbildning, 3 år eller mer",80,100,125,118,120,122,152,158,179,216,252,262,275,236,249,268,157
Ukraina,"eftergymnasial utbildning, mindre än 3 år",28,28,34,28,28,31,55,33,51,72,132,57,86,73,77,58,52
Ukraina,forskarutbildning,12,10,14,9,7,6,11,8,7,10,8,11,11,14,7,12,8
Ukraina,förgymnasial utbildning,5,7,6,13,13,12,25,23,28,33,19,15,13,15,15,13,16
Ukraina,gymnasial utbildning,26,18,21,22,35,39,69,43,30,47,53,67,56,43,44,49,28
Ukraina,uppgift om utbildningsnivå saknas,16,23,27,21,29,27,33,25,27,35,40,62,65,62,64,94,244
Ungern,"eftergymnasial utbildning, 3 år eller mer",43,46,78,43,66,58,111,174,205,181,150,196,238,272,223,209,129
Ungern,"eftergymnasial utbildning, mindre än 3 år",20,14,16,30,27,55,55,91,104,98,70,79,86,104,110,97,38
Ungern,forskarutbildning,9,13,14,7,8,4,13,19,24,21,8,29,16,15,13,13,12
Ungern,förgymnasial utbildning,16,8,6,8,23,20,29,39,30,36,33,27,22,17,31,26,12
Ungern,gymnasial utbildning,30,35,32,36,44,75,118,164,210,161,131,122,136,173,132,117,53
Ungern,uppgift om utbildningsnivå saknas,26,16,26,19,23,30,79,174,254,218,255,151,190,148,177,272,356
Uzbekistan,"eftergymnasial utbildning, 3 år eller mer",12,10,9,22,34,139,71,44,38,49,67,73,55,31,31,30,24
Uzbekistan,"eftergymnasial utbildning, mindre än 3 år",5,1,3,10,15,55,34,29,24,28,31,47,23,20,17,19,27
Uzbekistan,forskarutbildning,2,0,3,1,2,8,1,1,1,1,1,1,1,0,2,0,1
Uzbekistan,förgymnasial utbildning,1,2,1,5,8,54,38,36,19,56,43,39,37,21,20,15,25
Uzbekistan,gymnasial utbildning,10,2,7,13,16,115,54,51,24,55,35,62,40,36,45,28,31
Uzbekistan,uppgift om utbildningsnivå saknas,0,2,9,4,5,43,20,14,12,23,43,59,42,31,27,34,56
Vietnam,"eftergymnasial utbildning, 3 år eller mer",19,18,14,22,40,31,39,47,55,57,88,69,65,51,65,62,46
Vietnam,"eftergymnasial utbildning, mindre än 3 år",12,11,13,15,16,20,43,30,59,53,81,58,59,47,65,60,35
Vietnam,forskarutbildning,1,3,4,3,2,1,3,0,1,0,0,0,0,3,0,2,1
Vietnam,förgymnasial utbildning,91,83,75,87,90,90,131,126,106,128,156,176,138,109,124,95,65
Vietnam,gymnasial utbildning,49,45,34,50,57,47,103,76,72,101,123,137,140,102,115,114,73
Vietnam,uppgift om utbildningsnivå saknas,18,21,28,25,27,33,34,29,30,48,73,102,90,97,116,169,300
Vitryssland,"eftergymnasial utbildning, 3 år eller mer",36,37,40,48,51,57,113,81,58,102,88,82,93,54,55,46,32
Vitryssland,"eftergymnasial utbildning, mindre än 3 år",9,5,10,14,12,8,28,29,24,41,42,30,26,23,26,19,18
Vitryssland,forskarutbildning,6,4,3,5,1,0,1,1,4,1,1,3,4,5,4,1,2
Vitryssland,förgymnasial utbildning,1,1,1,4,7,1,18,6,6,7,7,5,6,6,4,6,3
Vitryssland,gymnasial utbildning,5,8,9,13,18,15,46,24,23,34,29,33,32,22,26,16,11
Vitryssland,uppgift om utbildningsnivå saknas,11,10,8,4,9,16,18,10,13,22,12,26,23,11,16,28,58
Österrike,"eftergymnasial utbildning, 3 år eller mer",38,48,54,62,37,36,63,76,78,65,71,71,81,71,102,85,73
Österrike,"eftergymnasial utbildning, mindre än 3 år",16,21,19,19,20,20,28,23,31,44,17,31,34,37,28,39,24
Österrike,forskarutbildning,9,5,5,4,2,12,10,11,24,21,13,18,12,15,18,11,17
Österrike,förgymnasial utbildning,19,7,22,23,11,20,21,21,16,27,24,21,20,7,6,14,13
Österrike,gymnasial utbildning,24,21,23,28,22,21,37,40,44,30,33,21,31,29,27,17,18
Österrike,uppgift om utbildningsnivå saknas,32,25,36,24,23,22,33,50,47,50,42,30,37,38,47,54,137
